localityId, localityName, dataId, x, y, latitude, longitude, zone, altitude, horiz_precision, vert_precision, planeType, dip, dipAzimuth, strike, declination, unitId, timedate, notes
626cf2e82d08d9ec2616b3d95c4d8903, Locality 1, c007e774b247a0602326c4c57c2bf0eb, 544458.99664645, 4170452.29729056, 37.68019289, -122.49580125, 10S, 3.45709958, 4.67685787, -1.00000000, Bedding, 64.67282104, 22.72835732, 292.72836304, 13.11635399, Merced, Wed Nov  8 15:26:54 2023, 
626cf2e82d08d9ec2616b3d95c4d8903, Locality 1, 709ca1f92736a27d4fc9c488bebde774, 544460.41382215, 4170460.10176223, 37.68026317, -122.49578471, 10S, 3.42426186, 4.70095392, -1.00000000, Bedding, 62.13070679, 25.88586617, 295.88586426, 13.11635399, Merced, Wed Nov  8 15:26:24 2023, 
626cf2e82d08d9ec2616b3d95c4d8903, Locality 1, 1ec319c422232f44bae1ed0b684b34cd, 544460.82947888, 4170452.51064627, 37.68019473, -122.49578046, 10S, 4.00000000, 3.53553391, -1.00000000, Bedding, 70.44712830, 27.04622841, 297.04623413, 13.11635399, Merced, Wed Nov  8 15:25:44 2023, 
626cf2e82d08d9ec2616b3d95c4d8903, Locality 1, 4a7448963c900c00aebf8ac94a2835e5, 544462.21314847, 4170432.50769782, 37.68001437, -122.49576599, 10S, 3.21988802, 4.84322807, -1.00000000, Bedding, 65.96475220, 30.75660896, 300.75659180, 13.11635399, Merced, Wed Nov  8 15:18:38 2023, 
626cf2e82d08d9ec2616b3d95c4d8903, Locality 1, c136ee390156df3672dc8cd3b8276f8c, 544461.11151143, 4170433.18920448, 37.68002057, -122.49577844, 10S, 3.27924765, 4.80323556, -1.00000000, Bedding, 66.12334442, 28.04726219, 298.04727173, 13.11635399, Merced, Wed Nov  8 15:18:23 2023, 
626cf2e82d08d9ec2616b3d95c4d8903, Locality 1, 9780c48c78cf6f868607d63faedb351b, 544464.04446607, 4170428.43269974, 37.67997756, -122.49574547, 10S, 3.36827226, 4.74123180, -1.00000000, Bedding, 70.18166351, 12.11635399, 282.11636353, 13.11635399, Merced, Wed Nov  8 15:18:11 2023, 
626cf2e82d08d9ec2616b3d95c4d8903, Locality 1, 9fb03757b4c13adb20ccfdc7fa44a74c, 544462.00637307, 4170370.84511208, 37.67945862, -122.49577209, 10S, 3.36729896, 4.74192310, -1.00000000, Bedding, 69.05950928, 32.28378296, 302.28378296, 13.11635399, Merced, Wed Nov  8 14:49:10 2023, 
626cf2e82d08d9ec2616b3d95c4d8903, Locality 1, 01d1aafc088b7ef048bed202424d8ad4, 544466.97602444, 4170416.84770010, 37.67987300, -122.49571293, 10S, 3.51456921, 4.63382566, -1.00000000, Bedding, 71.03191376, 31.00304985, 301.00305176, 13.11635399, Merced, Wed Nov  8 14:47:03 2023, 
626cf2e82d08d9ec2616b3d95c4d8903, Locality 1, 7466c005f47faf3c476c915742440cf8, 544467.27302544, 4170418.02456351, 37.67988359, -122.49570949, 10S, 3.50670738, 4.63977806, -1.00000000, Bedding, 71.24225616, 31.67222786, 301.67224121, 13.11635399, Merced, Wed Nov  8 14:46:55 2023, 
626cf2e82d08d9ec2616b3d95c4d8903, Locality 1, 45808f96264170cac72d8c6c7d352981, 544462.96985730, 4170393.19489257, 37.67966001, -122.49575980, 10S, 3.32302440, 4.77305414, -1.00000000, Bedding, 63.08019257, 34.79707336, 304.79705811, 13.11635399, Merced, Wed Nov  8 14:45:01 2023, 
626cf2e82d08d9ec2616b3d95c4d8903, Locality 1, 79d325ee8dd09287a579783c02c3c01f, 544463.96770754, 4170387.15596164, 37.67960553, -122.49574886, 10S, 3.33205733, 4.76675267, -1.00000000, Bedding, 75.56450653, 29.14736557, 299.14736938, 13.11635399, Merced, Wed Nov  8 14:44:44 2023, 
626cf2e82d08d9ec2616b3d95c4d8903, Locality 1, c80c48808517a6d5e5789390ab6852d5, 544460.59235636, 4170371.55504771, 37.67946508, -122.49578808, 10S, 3.54347224, 4.61176122, -1.00000000, Bedding, 69.94079590, 29.21783638, 299.21783447, 13.11635399, Merced, Wed Nov  8 14:44:02 2023, 
626cf2e82d08d9ec2616b3d95c4d8903, Locality 1, f00b7bc2a3f07f32d4486e174e2db614, 544471.32432992, 4170366.09338257, 37.67941534, -122.49566671, 10S, 3.60625380, 4.56283580, -1.00000000, Bedding, 64.88185120, 28.81902313, 298.81903076, 13.11635399, Merced, Wed Nov  8 14:35:36 2023, 
626cf2e82d08d9ec2616b3d95c4d8903, Locality 1, c47508b0c2930721748d8824abc4113b, 544471.77902675, 4170344.77615383, 37.67922318, -122.49566286, 10S, 3.60625380, 4.56283580, -1.00000000, Bedding, 67.77899170, 25.08343315, 295.08343506, 13.11635399, Merced, Wed Nov  8 14:35:21 2023, 
626cf2e82d08d9ec2616b3d95c4d8903, Locality 1, 160611a902330de15453b520ff83b3f5, 544471.77902675, 4170344.77615383, 37.67922318, -122.49566286, 10S, 3.60625380, 4.56283580, -1.00000000, Bedding, 66.47134399, 25.15810776, 295.15811157, 13.11635399, Merced, Wed Nov  8 14:34:54 2023, 
626cf2e82d08d9ec2616b3d95c4d8903, Locality 1, 7f6615083073b8afbf704e13bebb9bac, 544471.77902675, 4170344.77615383, 37.67922318, -122.49566286, 10S, 3.60625380, 4.56283580, -1.00000000, Bedding, 66.73755646, 23.25682640, 293.25683594, 13.11635399, Merced, Wed Nov  8 14:34:11 2023, 
626cf2e82d08d9ec2616b3d95c4d8903, Locality 1, 19fa9548e55b1af7bb9b5680d3a10ad3, 544471.77902675, 4170344.77615383, 37.67922318, -122.49566286, 10S, 3.60625380, 4.56283580, -1.00000000, Bedding, 62.56623077, 24.84574318, 294.84573364, 13.11635399, Merced, Wed Nov  8 14:33:16 2023, 
626cf2e82d08d9ec2616b3d95c4d8903, Locality 1, ec2d0b36377f1ac232812a501817b289, 544460.03950738, 4170361.88890746, 37.67937799, -122.49579494, 10S, 3.60625380, 4.56283580, -1.00000000, Bedding, 67.18157196, 21.06765366, 291.06765747, 13.11635399, Merced, Wed Nov  8 14:32:49 2023, 
626cf2e82d08d9ec2616b3d95c4d8903, Locality 1, 6db476879bd3b74dc5b1f2b950c73807, 544479.51974044, 4170277.08374927, 37.67861269, -122.49557921, 10S, 3.36134408, 4.74614612, -1.00000000, Bedding, 65.12725830, 33.33580399, 303.33581543, 13.11635399, Merced, Wed Nov  8 12:54:16 2023, 
626cf2e82d08d9ec2616b3d95c4d8903, Locality 1, 16fd4ce7ebfc33fb29894ae7bc9049f2, 544480.18328846, 4170252.06471637, 37.67838716, -122.49557321, 10S, 3.33893407, 4.76193829, -1.00000000, Bedding, 56.76644516, 32.99528122, 302.99526978, 13.11635399, Merced, Wed Nov  8 12:51:58 2023, 
626cf2e82d08d9ec2616b3d95c4d8903, Locality 1, 5239a28c0714671a58bb031953ff3d82, 544478.23050773, 4170255.54924047, 37.67841866, -122.49559514, 10S, 3.34520310, 4.75753647, -1.00000000, Bedding, 69.53977966, 30.05711937, 300.05712891, 13.11635399, Merced, Wed Nov  8 12:51:36 2023, 
626cf2e82d08d9ec2616b3d95c4d8903, Locality 1, 6dff005d9943e1275b54d986568cd965, 544481.98607104, 4170265.05679842, 37.67850417, -122.49555197, 10S, 3.31125699, 4.78122517, -1.00000000, Bedding, 65.62953186, 32.98772049, 302.98773193, 13.11635399, Merced, Wed Nov  8 12:49:23 2023, 
626cf2e82d08d9ec2616b3d95c4d8903, Locality 1, f2d0e74ecced875b899b05185918fcb6, 544480.74977891, 4170135.61478085, 37.67733757, -122.49557389, 10S, 3.44118020, 4.68858357, -1.00000000, Bedding, 64.12133026, 32.64561844, 302.64562988, 13.11635399, Merced, Wed Nov  8 12:20:54 2023, 
626cf2e82d08d9ec2616b3d95c4d8903, Locality 1, 81d1eb03bce06a4aa6c1116d793ae32d, 544481.85589436, 4170138.51815776, 37.67736368, -122.49556117, 10S, 3.41899651, 4.70478479, -1.00000000, Bedding, 66.25646210, 29.16267014, 299.16265869, 13.11635399, Merced, Wed Nov  8 12:20:25 2023, 
626cf2e82d08d9ec2616b3d95c4d8903, Locality 1, 4dfa7131abd4fbb0d204194b6d8a2427, 544478.60731319, 4170137.67268751, 37.67735622, -122.49559806, 10S, 3.37718218, 4.73488939, -1.00000000, Bedding, 66.54738617, 39.82520294, 309.82519531, 13.11635399, Merced, Wed Nov  8 12:20:02 2023, 
626cf2e82d08d9ec2616b3d95c4d8903, Locality 1, 3b9442d39252a67fe3ddf1798564d9fc, 544482.54990492, 4170133.20719589, 37.67731578, -122.49555363, 10S, 3.39046727, 4.72538556, -1.00000000, Bedding, 70.22271729, 37.37444305, 307.37445068, 13.11635399, Merced, Wed Nov  8 12:19:38 2023, 
626cf2e82d08d9ec2616b3d95c4d8903, Locality 1, 3f0b50f26a7518b5f6e7d25649904769, 544484.42625603, 4170131.70207446, 37.67730212, -122.49553244, 10S, 3.37276536, 4.73803660, -1.00000000, Bedding, 67.66585541, 29.23103333, 299.23101807, 13.11635399, Merced, Wed Nov  8 12:19:08 2023, 
626cf2e82d08d9ec2616b3d95c4d8903, Locality 1, 084a6da02c60915244eb57cf56609300, 544486.08499573, 4170136.54470350, 37.67734569, -122.49551334, 10S, 3.24727329, 4.82490966, -1.00000000, Bedding, 60.33237457, 37.72418213, 307.72418213, 13.11635399, Merced, Wed Nov  8 12:17:38 2023, 
626cf2e82d08d9ec2616b3d95c4d8903, Locality 1, 0b4dd4d76e5e9f4fbcf042a5a7e0d217, 544485.29314219, 4170134.97438158, 37.67733157, -122.49552241, 10S, 3.27363556, 4.80706222, -1.00000000, Bedding, 68.51317596, 29.90414810, 299.90414429, 13.11635399, Merced, Wed Nov  8 12:17:11 2023, 
626cf2e82d08d9ec2616b3d95c4d8903, Locality 1, 59623bb003b0c85cf7f972fd15f1a607, 544484.66248534, 4170134.87620550, 37.67733072, -122.49552957, 10S, 3.25406784, 4.82032981, -1.00000000, Bedding, 72.96596527, 28.63213730, 298.63214111, 13.11635399, Merced, Wed Nov  8 12:16:56 2023, 
626cf2e82d08d9ec2616b3d95c4d8903, Locality 1, 28c5f2de30d9cda3f04bcb392151fa5d, 544505.71125185, 4170053.77487379, 37.67659873, -122.49529583, 10S, 3.29697454, 4.79108505, -1.00000000, Bedding, 55.47800064, 16.05334854, 286.05334473, 13.11635399, Merced, Wed Nov  8 11:44:45 2023, 
626cf2e82d08d9ec2616b3d95c4d8903, Locality 1, 9ea0e83cd6ca5de01a1f5be8135b75fc, 544504.75518794, 4170053.99192949, 37.67660073, -122.49530666, 10S, 3.34769101, 4.75578615, -1.00000000, Bedding, 53.19443893, 11.13467884, 281.13467407, 13.11635399, Merced, Wed Nov  8 11:44:07 2023, 
626cf2e82d08d9ec2616b3d95c4d8903, Locality 1, 1214c1a9f74a3a24dd267f9c54abde7b, 544504.91893871, 4170055.96001904, 37.67661846, -122.49530468, 10S, 3.35419705, 4.75119977, -1.00000000, Bedding, 62.92422867, 359.22988892, 269.22988892, 13.11635399, Merced, Wed Nov  8 11:43:53 2023, 
626cf2e82d08d9ec2616b3d95c4d8903, Locality 1, 4076d1dd486461ac8e07e783cff65652, 544505.49598732, 4170051.50997718, 37.67657832, -122.49529841, 10S, 3.33690713, 4.76335888, -1.00000000, Bedding, 67.86251068, 11.07092381, 281.07092285, 13.11635399, Merced, Wed Nov  8 11:42:14 2023, 
626cf2e82d08d9ec2616b3d95c4d8903, Locality 1, 6f9551d203df95acdf064e33f66096fe, 544505.44628111, 4170051.45580260, 37.67657784, -122.49529897, 10S, 3.33379828, 4.76553523, -1.00000000, Bedding, 56.24290466, 12.11635399, 282.11636353, 13.11635399, Merced, Wed Nov  8 11:41:25 2023, 
626cf2e82d08d9ec2616b3d95c4d8903, Locality 1, ea66e510ed214c72dec8d9d30c152369, 544505.67045515, 4170050.16543564, 37.67656620, -122.49529651, 10S, 3.25566596, 4.81925058, -1.00000000, Bedding, 61.92622375, 10.97238445, 280.97238159, 13.11635399, Merced, Wed Nov  8 11:40:14 2023, 
626cf2e82d08d9ec2616b3d95c4d8903, Locality 1, 722dd4be000dcc5d032cc165d998f05d, 544506.29722973, 4169839.52203715, 37.67466763, -122.49530226, 10S, 3.28982618, 4.79599632, -1.00000000, Bedding, 35.35458374, 6.31624413, 276.31625366, 13.11635399, Merced, Wed Nov  8 11:11:05 2023, 
626cf2e82d08d9ec2616b3d95c4d8903, Locality 1, 5c906ef959521f71e4a364bcd2d1da50, 544341.99198425, 4171384.49109826, 37.68860045, -122.49707140, 10S, 3.33760553, 4.76286955, -1.00000000, Bedding, 68.59271240, 40.71900558, 310.71899414, 13.11635399, Merced, Thu Jun  1 18:30:39 2023, 
626cf2e82d08d9ec2616b3d95c4d8903, Locality 1, 6fb9a154fe7ec1b2f0e7b046e74e00d0, 544345.90076824, 4171385.42589286, 37.68860869, -122.49702701, 10S, 3.60625598, 4.56283408, -1.00000000, Bedding, 68.27737427, 44.52890396, 314.52890015, 13.11635399, Merced, Thu Jun  1 18:30:09 2023, 
626cf2e82d08d9ec2616b3d95c4d8903, Locality 1, 4f3587ee20c8a30c25ddd43cb606e599, 544346.55587926, 4171388.67037597, 37.68863790, -122.49701939, 10S, 4.00000000, 3.70536628, -1.00000000, Bedding, 68.65573120, 43.73078156, 313.73077393, 13.11635399, Merced, Thu Jun  1 18:29:55 2023, 
626cf2e82d08d9ec2616b3d95c4d8903, Locality 1, 6e0103fe51d880bad1de0488f7272cdf, 544348.09288197, 4171376.31459187, 37.68852646, -122.49700271, 10S, 3.60625593, 4.56283412, -1.00000000, Bedding, 67.79747009, 36.58356857, 306.58355713, 13.11635399, Merced, Thu Jun  1 18:27:03 2023, 
626cf2e82d08d9ec2616b3d95c4d8903, Locality 1, 3b3e249c9df0d1964483788f06d60931, 544348.09288197, 4171376.31459187, 37.68852646, -122.49700271, 10S, 3.60625593, 4.56283412, -1.00000000, Bedding, 69.51972961, 41.34165192, 311.34164429, 13.11635399, Merced, Thu Jun  1 18:26:56 2023, 
626cf2e82d08d9ec2616b3d95c4d8903, Locality 1, e4b738f33e26c7c9baf204547034c1e7, 544346.76498141, 4171391.01968820, 37.68865907, -122.49701687, 10S, 3.60625595, 4.56283410, -1.00000000, Bedding, 69.45878601, 37.61289597, 307.61288452, 13.11635399, Merced, Thu Jun  1 18:12:35 2023, 
626cf2e82d08d9ec2616b3d95c4d8903, Locality 1, 9a854d78fdfed6c726e0b18f3d2726b1, 544343.23754921, 4171390.05683072, 37.68865056, -122.49705694, 10S, 3.00000000, 3.53553391, -1.00000000, Bedding, 70.39518738, 37.34498978, 307.34500122, 13.11635399, Merced, Thu Jun  1 18:12:28 2023, 
626cf2e82d08d9ec2616b3d95c4d8903, Locality 1, b99468a7a970e8147471d6b1b9a4132d, 544364.68582010, 4171223.24590266, 37.68714605, -122.49682384, 10S, 3.60625566, 4.56283433, -1.00000000, Bedding, 70.67803955, 33.95179367, 303.95178223, 13.11635399, Merced, Thu Jun  1 17:57:55 2023, 
626cf2e82d08d9ec2616b3d95c4d8903, Locality 1, 450606580000550388179113a9a98865, 544378.45521139, 4171107.49598949, 37.68610212, -122.49667472, 10S, 3.00000000, 3.53553391, -1.00000000, Bedding, 60.27230835, 38.48368073, 308.48367310, 13.11635399, Merced, Thu Jun  1 15:43:52 2023, 
626cf2e82d08d9ec2616b3d95c4d8903, Locality 1, 4920354c10e07122260b224d0806296f, 544364.79521165, 4171141.15694110, 37.68640617, -122.49682759, 10S, 3.39016948, 4.72559922, -1.00000000, Bedding, 60.58920670, 35.62102890, 305.62103271, 13.11635399, Merced, Thu Jun  1 15:41:22 2023, 
626cf2e82d08d9ec2616b3d95c4d8903, Locality 1, b97a1479627a4a666dd5c45801c2076f, 544364.79521165, 4171141.15694110, 37.68640617, -122.49682759, 10S, 3.39016948, 4.72559922, -1.00000000, Bedding, 61.53139496, 39.44921494, 309.44921875, 13.11635399, Merced, Thu Jun  1 15:41:08 2023, 
626cf2e82d08d9ec2616b3d95c4d8903, Locality 1, cdb836480f83ca91aa5a54215d5b6788, 544364.79521165, 4171141.15694110, 37.68640617, -122.49682759, 10S, 3.39016948, 4.72559922, -1.00000000, Bedding, 57.66991806, 30.39068794, 300.39068604, 13.11635399, Merced, Thu Jun  1 15:40:43 2023, 
626cf2e82d08d9ec2616b3d95c4d8903, Locality 1, e2ffe57a958c2103a944523fc8b6cb61, 544364.79521165, 4171141.15694110, 37.68640617, -122.49682759, 10S, 3.39016948, 4.72559922, -1.00000000, Bedding, 63.19487381, 34.86744690, 304.86743164, 13.11635399, Merced, Thu Jun  1 15:40:26 2023, 
626cf2e82d08d9ec2616b3d95c4d8903, Locality 1, 131076463a01b739d79fd1b5e20b5375, 544371.46221156, 4171152.37001998, 37.68650691, -122.49675130, 10S, 3.37384047, 4.73727111, -1.00000000, Bedding, 50.80352402, 17.15413475, 287.15414429, 13.11635399, Merced, Thu Jun  1 15:39:55 2023, 
626cf2e82d08d9ec2616b3d95c4d8903, Locality 1, db788edcc48f6d87f52284c98d8d48c8, 544371.01426031, 4171151.77495766, 37.68650157, -122.49675642, 10S, 3.38708735, 4.72780883, -1.00000000, Bedding, 60.47847748, 24.05177116, 294.05175781, 13.11635399, Merced, Thu Jun  1 15:39:42 2023, 
626cf2e82d08d9ec2616b3d95c4d8903, Locality 1, c1da3aa449d3ef1140e27013c2aa93a0, 544371.43858050, 4171157.22379942, 37.68655066, -122.49675127, 10S, 3.38268492, 4.73095971, -1.00000000, Bedding, 60.91106415, 25.09488106, 295.09487915, 13.11635399, Merced, Thu Jun  1 15:39:24 2023, 
626cf2e82d08d9ec2616b3d95c4d8903, Locality 1, c1222dbb7daf91c502079b44ecc2003d, 544372.30242325, 4171158.86419269, 37.68656541, -122.49674137, 10S, 3.39264387, 4.72382309, -1.00000000, Bedding, 58.17668152, 32.50550842, 302.50549316, 13.11635399, Merced, Thu Jun  1 15:39:17 2023, 
626cf2e82d08d9ec2616b3d95c4d8903, Locality 1, b675ed0fecbacca8a15c301f52697be6, 544364.60704533, 4171173.89666486, 37.68670127, -122.49682773, 10S, 3.37976700, 4.73304469, -1.00000000, Bedding, 61.24615860, 35.25988388, 305.25988770, 13.11635399, Merced, Thu Jun  1 15:38:47 2023, 
626cf2e82d08d9ec2616b3d95c4d8903, Locality 1, cee4b218946fd8448638787e0fa28c75, 544367.50338904, 4171173.36317025, 37.68669632, -122.49679492, 10S, 3.60625563, 4.56283436, -1.00000000, Bedding, 60.10044098, 36.44766617, 306.44766235, 13.11635399, Merced, Thu Jun  1 15:38:30 2023, 
626cf2e82d08d9ec2616b3d95c4d8903, Locality 1, 8f5b69c0a8d7ae782a62faa3d90b4177, 544366.03832636, 4171175.06180983, 37.68671170, -122.49681143, 10S, 3.60625566, 4.56283433, -1.00000000, Bedding, 53.41134644, 28.73056602, 298.73056030, 13.11635399, Merced, Thu Jun  1 15:38:21 2023, 
626cf2e82d08d9ec2616b3d95c4d8903, Locality 1, 0b1bd01818b15235db945a917136d296, 544394.97108935, 4171042.19679927, 37.68551278, -122.49649139, 10S, 3.47389469, 4.66439628, -1.00000000, Bedding, 54.83247375, 35.18362427, 305.18362427, 13.11635399, Merced, Thu Jun  1 13:28:10 2023, 
626cf2e82d08d9ec2616b3d95c4d8903, Locality 1, 409c5befb33de0b807194cb147f5b9a2, 544394.90297408, 4171042.68185013, 37.68551716, -122.49649213, 10S, 3.45452109, 4.67876277, -1.00000000, Bedding, 55.64830399, 39.50913239, 309.50912476, 13.11635399, Merced, Thu Jun  1 13:27:54 2023, 
626cf2e82d08d9ec2616b3d95c4d8903, Locality 1, 47d814d00bc7e3a5b358d4fe42a16804, 544386.83404889, 4171033.95394933, 37.68543888, -122.49658418, 10S, 3.37292617, 4.73792212, -1.00000000, Bedding, 57.20730972, 31.71983719, 301.71984863, 13.11635399, Merced, Thu Jun  1 13:27:11 2023, 
626cf2e82d08d9ec2616b3d95c4d8903, Locality 1, 679af360448eb57fd3bbefaccba9018f, 544387.12496634, 4171032.81008894, 37.68542856, -122.49658095, 10S, 3.36631662, 4.74262053, -1.00000000, Bedding, 60.00830078, 38.82170105, 308.82171631, 13.11635399, Merced, Thu Jun  1 13:26:41 2023, 
626cf2e82d08d9ec2616b3d95c4d8903, Locality 1, 79685c20d318ffbfb46612431f235c98, 544391.61153419, 4171010.59366900, 37.68522810, -122.49653142, 10S, 3.30848612, 4.78314297, -1.00000000, Bedding, 60.84606171, 37.35201263, 307.35202026, 13.11635399, Merced, Thu Jun  1 13:26:09 2023, 
626cf2e82d08d9ec2616b3d95c4d8903, Locality 1, 27be6cb6beac7cfa1d619d3b546d4f5b, 544422.99212888, 4170842.13584809, 37.68370827, -122.49618580, 10S, 3.33208843, 4.76673093, -1.00000000, Bedding, 69.05828094, 35.73825073, 305.73825073, 13.11635399, Merced, Thu Jun  1 13:12:36 2023, 
626cf2e82d08d9ec2616b3d95c4d8903, Locality 1, d2ea4bd328027836a862b864bb1ec4a1, 544425.93814832, 4170839.76467483, 37.68368675, -122.49615253, 10S, 3.00000000, 3.53553391, -1.00000000, Bedding, 62.64234543, 48.44664001, 318.44665527, 13.11635399, Merced, Thu Jun  1 13:11:57 2023, 
626cf2e82d08d9ec2616b3d95c4d8903, Locality 1, ecfc8e0cd523230d4605cbf20b2a51ba, 544374.69885486, 4171129.21814014, 37.68629809, -122.49671600, 10S, 3.33777586, 4.76275019, -1.00000000, Bedding, 61.16773605, 38.30228043, 308.30227661, 13.11635399, Merced, Thu Jun  1 12:52:23 2023, 
626cf2e82d08d9ec2616b3d95c4d8903, Locality 1, 2acfa1be38f24b47caa0db15920ee208, 544372.69560161, 4171130.27093431, 37.68630768, -122.49673866, 10S, 3.31236813, 4.78045546, -1.00000000, Bedding, 62.26951981, 39.39960861, 309.39959717, 13.11635399, Merced, Thu Jun  1 12:52:11 2023, 
626cf2e82d08d9ec2616b3d95c4d8903, Locality 1, beeac5703539685e9426049b3d4de53e, 544372.73550427, 4171130.01946879, 37.68630541, -122.49673822, 10S, 3.30396984, 4.78626371, -1.00000000, Bedding, 62.48706436, 44.19109344, 314.19110107, 13.11635399, Merced, Thu Jun  1 12:52:05 2023, 
626cf2e82d08d9ec2616b3d95c4d8903, Locality 1, becdc09b898ef1cd105ceca516e213f2, 544383.20603424, 4171105.84291784, 37.68608700, -122.49662094, 10S, 3.43147727, 4.69568959, -1.00000000, Bedding, 64.80023193, 27.05155563, 297.05154419, 13.11635399, Merced, Thu Jun  1 12:50:47 2023, 
626cf2e82d08d9ec2616b3d95c4d8903, Locality 1, 4ef23b8dd906de19a4858770dfdd806d, 544383.02929921, 4171084.90846398, 37.68589832, -122.49662422, 10S, 3.38630543, 4.72836891, -1.00000000, Bedding, 56.41735458, 26.07119560, 296.07119751, 13.11635399, Merced, Thu Jun  1 12:49:53 2023, 
626cf2e82d08d9ec2616b3d95c4d8903, Locality 1, c6cf1e250c7654b6533377486de78b23, 544385.90909977, 4171031.12192090, 37.68541340, -122.49659484, 10S, 3.28665464, 4.79817031, -1.00000000, Bedding, 67.14387512, 35.70737457, 305.70736694, 13.11635399, Merced, Thu Jun  1 12:48:31 2023, 
626cf2e82d08d9ec2616b3d95c4d8903, Locality 1, 58db5dde5fa761549bfdb2d6f7f40cd8, 544385.36092771, 4171032.23487470, 37.68542346, -122.49660099, 10S, 3.26575494, 4.81241953, -1.00000000, Bedding, 70.32536316, 35.95547104, 305.95547485, 13.11635399, Merced, Thu Jun  1 12:48:22 2023, 
626cf2e82d08d9ec2616b3d95c4d8903, Locality 1, ff4a7d5ef675d82c2b9654de78fee898, 544386.54337811, 4171032.14964093, 37.68542263, -122.49658758, 10S, 3.36284471, 4.74508298, -1.00000000, Bedding, 57.99298859, 38.03639984, 308.03640747, 13.11635399, Merced, Thu Jun  1 12:45:29 2023, 
626cf2e82d08d9ec2616b3d95c4d8903, Locality 1, 8cc6fd688498b3bbcc01ef4a8e0cb303, 544389.44477125, 4171039.37073054, 37.68548758, -122.49655424, 10S, 3.34442558, 4.75808308, -1.00000000, Bedding, 47.26608276, 32.69567108, 302.69567871, 13.11635399, Merced, Thu Jun  1 12:45:08 2023, 
626cf2e82d08d9ec2616b3d95c4d8903, Locality 1, ae292fb78e9ba8eaec3bd6a0717c8f61, 544418.39645667, 4170878.22043962, 37.68403372, -122.49623571, 10S, 3.32922663, 4.76873013, -1.00000000, Bedding, 70.55153656, 24.72822189, 294.72821045, 13.11635399, Merced, Thu Jun  1 12:39:42 2023, 
626cf2e82d08d9ec2616b3d95c4d8903, Locality 1, bb05ea8393d6be5e2b40154675e7b0a3, 544428.33097017, 4170879.97108316, 37.68404902, -122.49612294, 10S, 4.12319021, 4.10168740, -1.00000000, Bedding, 52.30504227, 359.90252686, 269.90252686, 13.11635399, Merced, Thu Jun  1 12:38:45 2023, 
626cf2e82d08d9ec2616b3d95c4d8903, Locality 1, 61bc3ad9d5bd95c360a6857fe113b55b, 544314.63733143, 4171536.81537846, 37.68997468, -122.49737238, 10S, 3.38333070, 4.73049790, -1.00000000, Bedding, 63.32815933, 39.30129242, 309.30130005, 13.11635399, Merced, Mon Mar 27 15:34:16 2023, 
626cf2e82d08d9ec2616b3d95c4d8903, Locality 1, 5d4309642283f38b48320a7853838bd8, 544315.13493600, 4171537.18384404, 37.68997798, -122.49736672, 10S, 3.38621265, 4.72843536, -1.00000000, Bedding, 56.64260483, 34.10972595, 304.10974121, 13.11635399, Merced, Mon Mar 27 15:33:58 2023, 
626cf2e82d08d9ec2616b3d95c4d8903, Locality 1, 736f9e627dcc0030ba58df7113d91236, 544312.60370142, 4171539.14851644, 37.68999581, -122.49739531, 10S, 3.30922919, 4.78262890, -1.00000000, Bedding, 61.16065216, 39.79069519, 309.79071045, 13.11635399, Merced, Mon Mar 27 15:32:41 2023, 
626cf2e82d08d9ec2616b3d95c4d8903, Locality 1, 099b3010199e22a81b08af423456446d, 544313.43229558, 4171540.81021662, 37.69001074, -122.49738581, 10S, 3.30991412, 4.78215491, -1.00000000, Bedding, 55.98683929, 36.31015396, 306.31015015, 13.11635399, Merced, Mon Mar 27 15:32:22 2023, 
626cf2e82d08d9ec2616b3d95c4d8903, Locality 1, 9707d0c69aa1019ffe7a17997f054d56, 544315.44207550, 4171541.93547521, 37.69002079, -122.49736294, 10S, 3.28965846, 4.79611137, -1.00000000, Bedding, 53.35240555, 41.15080261, 311.15081787, 13.11635399, Merced, Mon Mar 27 15:32:00 2023, 
626cf2e82d08d9ec2616b3d95c4d8903, Locality 1, 19efeb7ca6efbec63dfa093fdc5b7103, 544316.84910016, 4171542.51505881, 37.69002595, -122.49734695, 10S, 3.60625653, 4.56283365, -1.00000000, Bedding, 55.32300949, 44.79400253, 314.79400635, 13.11635399, Merced, Mon Mar 27 15:31:48 2023, 
626cf2e82d08d9ec2616b3d95c4d8903, Locality 1, 0879c7da72c97acbb74fa2814d07e8ff, 544316.06387899, 4171541.48322315, 37.69001668, -122.49735592, 10S, 3.00000000, 3.53553391, -1.00000000, Bedding, 58.29533005, 37.94760513, 307.94760132, 13.11635399, Merced, Mon Mar 27 15:31:29 2023, 
626cf2e82d08d9ec2616b3d95c4d8903, Locality 1, 8b6be2944d47c5571a584db5cd287c1d, 544314.92838902, 4171535.38229694, 37.68996175, -122.49736917, 10S, 3.37632386, 4.73550148, -1.00000000, Bedding, 55.47832108, 34.60750198, 304.60751343, 13.11635399, Merced, Mon Mar 27 15:30:45 2023, 
626cf2e82d08d9ec2616b3d95c4d8903, Locality 1, c140535f47e122dfe0a771ac71cfac88, 544314.72247411, 4171540.80956802, 37.69001068, -122.49737117, 10S, 3.36836772, 4.74116399, -1.00000000, Bedding, 58.44629669, 33.93268585, 303.93267822, 13.11635399, Merced, Mon Mar 27 15:29:56 2023, 
626cf2e82d08d9ec2616b3d95c4d8903, Locality 1, 6d6cadbe8521655881b8f76f7f2b9a6c, 544299.13789777, 4171673.02430867, 37.69120308, -122.49753989, 10S, 3.33403155, 4.76537204, -1.00000000, Bedding, 61.11108017, 43.79701996, 313.79702759, 13.11635399, Merced, Mon Mar 27 14:32:36 2023, 
626cf2e82d08d9ec2616b3d95c4d8903, Locality 1, af4a43bdf1d3a7397fdc2336f52f091d, 544298.73544791, 4171676.02864173, 37.69123018, -122.49754427, 10S, 3.35783540, 4.74862911, -1.00000000, Bedding, 63.00165176, 47.55986023, 317.55987549, 13.11635399, Merced, Mon Mar 27 14:31:54 2023, 
626cf2e82d08d9ec2616b3d95c4d8903, Locality 1, f52344b09f962e4e00a0155cfbedd095, 544295.66070506, 4171672.91346586, 37.69120225, -122.49757934, 10S, 3.12170208, 4.90708806, -1.00000000, Bedding, 55.09039307, 43.91848755, 313.91848755, 13.11635399, Merced, Mon Mar 27 14:27:58 2023, 
626cf2e82d08d9ec2616b3d95c4d8903, Locality 1, 8fd43ae7cc2e7c049af729938414bb66, 544297.55666289, 4171673.13095881, 37.69120412, -122.49755782, 10S, 3.29169938, 4.79471086, -1.00000000, Bedding, 63.24358368, 41.11334610, 311.11334229, 13.11635399, Merced, Mon Mar 27 14:26:13 2023, 
626cf2e82d08d9ec2616b3d95c4d8903, Locality 1, 3014396f97cff564e77ec485b5c63e2a, 544297.18487774, 4171670.52156721, 37.69118062, -122.49756220, 10S, 3.29789787, 4.79044953, -1.00000000, Bedding, 62.25614929, 63.29127502, 333.29125977, 13.11635399, Merced, Mon Mar 27 14:25:44 2023, 
626cf2e82d08d9ec2616b3d95c4d8903, Locality 1, 6ee889703e3f38e9beb267d9bfa4902f, 544294.76229874, 4171674.35562538, 37.69121530, -122.49758944, 10S, 6.00000000, 8.85717209, -1.00000000, Bedding, 54.56697083, 47.89524078, 317.89523315, 13.11635399, Merced, Mon Mar 27 14:24:09 2023, 
626cf2e82d08d9ec2616b3d95c4d8903, Locality 1, a3a35c302010300bd1ce3a0fe4834462, 544274.32341472, 4171809.08802667, 37.69243063, -122.49781307, 10S, 3.00000000, 3.53553391, -1.00000000, Bedding, 52.90840912, 49.01199722, 319.01199341, 13.11635399, Merced, Mon Mar 27 13:56:47 2023, 
626cf2e82d08d9ec2616b3d95c4d8903, Locality 1, cdde40efdb36b8d622aa798940b425df, 544273.02397468, 4171808.73068121, 37.69242747, -122.49782783, 10S, 3.31023418, 4.78193336, -1.00000000, Bedding, 47.69176483, 48.83665085, 318.83663940, 13.11635399, Merced, Mon Mar 27 13:55:14 2023, 
626cf2e82d08d9ec2616b3d95c4d8903, Locality 1, 65214ad05e99fcad3585a4937efd5a30, 544273.68783755, 4171809.58830326, 37.69243517, -122.49782025, 10S, 3.34505459, 4.75764089, -1.00000000, Bedding, 50.98029327, 50.45714951, 320.45715332, 13.11635399, Merced, Mon Mar 27 13:54:27 2023, 
626cf2e82d08d9ec2616b3d95c4d8903, Locality 1, b5fe2c5e3199a61e1a29f1c78407f099, 544273.68857773, 4171809.36972757, 37.69243320, -122.49782025, 10S, 3.35056463, 4.75376205, -1.00000000, Bedding, 55.33030319, 41.36481476, 311.36480713, 13.11635399, Merced, Mon Mar 27 13:53:58 2023, 
626cf2e82d08d9ec2616b3d95c4d8903, Locality 1, 1beda87d85fd7ac9e6d909fa63498b87, 544276.22615602, 4171811.19067154, 37.69244949, -122.49779136, 10S, 3.60625727, 4.56283306, -1.00000000, Bedding, 46.33411407, 46.64203644, 316.64202881, 13.11635399, Merced, Mon Mar 27 13:53:13 2023, 
626cf2e82d08d9ec2616b3d95c4d8903, Locality 1, 345ddfd8b7c4b225fc99884befb2742c, 544250.36345456, 4171913.79937566, 37.69337555, -122.49807847, 10S, 3.28318427, 4.80054560, -1.00000000, Bedding, 48.61942673, 54.32783508, 324.32781982, 13.11635399, Merced, Mon Mar 27 13:16:56 2023, 
626cf2e82d08d9ec2616b3d95c4d8903, Locality 1, 8f51d5212ce0d82e5b1200125f25375b, 544249.50701707, 4171917.60247822, 37.69340987, -122.49808795, 10S, 3.11171898, 4.91342468, -1.00000000, Bedding, 60.33666611, 65.84487915, 335.84487915, 13.11635399, Merced, Mon Mar 27 13:15:49 2023, 
626cf2e82d08d9ec2616b3d95c4d8903, Locality 1, 10457baff53f330c6b7df3f328e2b6f9, 544247.48795580, 4171918.19781246, 37.69341533, -122.49811081, 10S, 3.15583795, 4.88520459, -1.00000000, Bedding, 46.65702820, 53.16482925, 323.16482544, 13.11635399, Merced, Mon Mar 27 13:15:03 2023, 
626cf2e82d08d9ec2616b3d95c4d8903, Locality 1, 7f1fd6f77093e08b5832043ad62d790e, 544243.82694463, 4171919.25074643, 37.69342500, -122.49815227, 10S, 3.32917888, 4.76876347, -1.00000000, Bedding, 49.44160080, 49.63044739, 319.63043213, 13.11635399, Merced, Mon Mar 27 13:14:18 2023, 
626cf2e82d08d9ec2616b3d95c4d8903, Locality 1, 8b5bcf12da47343b9d460f9fd8ad0f96, 544244.71395357, 4171917.67157672, 37.69341073, -122.49814231, 10S, 3.60625791, 4.56283255, -1.00000000, Bedding, 46.69120026, 55.26385498, 325.26385498, 13.11635399, Merced, Mon Mar 27 13:13:42 2023, 
626cf2e82d08d9ec2616b3d95c4d8903, Locality 1, 61900c1279c4205799d37c27f87f9b38, 544243.83077028, 4171918.37827890, 37.69341714, -122.49815228, 10S, 3.00000000, 3.53553391, -1.00000000, Bedding, 45.74601364, 56.50345993, 326.50344849, 13.11635399, Merced, Mon Mar 27 13:13:33 2023, 
626cf2e82d08d9ec2616b3d95c4d8903, Locality 1, bbf76968a0a1479bf9ff664fef9f5117, 544217.41184777, 4172088.80008504, 37.69495443, -122.49844159, 10S, 3.33882581, 4.76201420, -1.00000000, Bedding, 36.21072006, 41.56562805, 311.56561279, 13.11635399, Merced, Mon Mar 27 11:46:43 2023, 
626cf2e82d08d9ec2616b3d95c4d8903, Locality 1, ce4f98dad84aa1075f14924885dd4f8f, 544217.94425569, 4172088.13250712, 37.69494839, -122.49843559, 10S, 3.60625840, 4.56283217, -1.00000000, Bedding, 37.18057632, 41.40427780, 311.40426636, 13.11635399, Merced, Mon Mar 27 11:46:23 2023, 
626cf2e82d08d9ec2616b3d95c4d8903, Locality 1, c8d5625a786dad610bc1017c6bc67eaf, 544221.87962021, 4172087.48574167, 37.69494237, -122.49839099, 10S, 3.37153945, 4.73890903, -1.00000000, Bedding, 31.39540100, 44.05462265, 314.05462646, 13.16307068, Merced, Mon Mar 27 11:41:28 2023, 
626cf2e82d08d9ec2616b3d95c4d8903, Locality 1, 5e701476ed61ec77568ada8ebb4a4f08, 544219.20645307, 4172087.58012302, 37.69494335, -122.49842131, 10S, 3.37700113, 4.73501852, -1.00000000, Bedding, 38.59693146, 47.34176254, 317.34176636, 13.16307068, Merced, Mon Mar 27 11:40:56 2023, 
626cf2e82d08d9ec2616b3d95c4d8903, Locality 1, 2bf11a5c097ebce2526223fc9aa12815, 544220.16468424, 4172088.90641002, 37.69495525, -122.49841036, 10S, 3.38151541, 4.73179570, -1.00000000, Bedding, 31.66490173, 43.44452286, 313.44451904, 13.16307068, Merced, Mon Mar 27 11:39:36 2023, 
626cf2e82d08d9ec2616b3d95c4d8903, Locality 1, ebea9f25a1c9e4a1fc845e0959b53c4a, 544215.25014835, 4172092.91039215, 37.69499158, -122.49846586, 10S, 3.36534387, 4.74331083, -1.00000000, Bedding, 38.76165009, 41.89103317, 311.89102173, 13.16307068, Merced, Mon Mar 27 11:38:56 2023, 
626cf2e82d08d9ec2616b3d95c4d8903, Locality 1, 43643ea0d3a9a99dd7d64934a5e63f29, 544216.48702435, 4172092.30217607, 37.69498604, -122.49845187, 10S, 3.29876715, 4.78985097, -1.00000000, Bedding, 37.81379700, 38.46584702, 308.46585083, 13.16307068, Merced, Mon Mar 27 11:38:39 2023, 
626cf2e82d08d9ec2616b3d95c4d8903, Locality 1, c4e5a45e769867f08624127e9a8fe411, 544218.05910052, 4172091.00040149, 37.69497423, -122.49843412, 10S, 3.33582903, 4.76411395, -1.00000000, Bedding, 38.19062805, 36.36577225, 306.36578369, 13.16307068, Merced, Mon Mar 27 11:38:30 2023, 
626cf2e82d08d9ec2616b3d95c4d8903, Locality 1, 1dd844abb82e417d79d7e2806e813a24, 544221.23171461, 4172087.90979464, 37.69494622, -122.49839832, 10S, 3.33431785, 4.76517172, -1.00000000, Bedding, 31.43450356, 49.93725204, 319.93725586, 13.16307068, Merced, Mon Mar 27 11:37:25 2023, 
626cf2e82d08d9ec2616b3d95c4d8903, Locality 1, 7554db64b1a73ab31bd9a4af93899579, 544219.21625142, 4172088.77689782, 37.69495413, -122.49842113, 10S, 3.30081952, 4.78843686, -1.00000000, Bedding, 37.55620956, 44.09265137, 314.09265137, 13.16307068, Merced, Mon Mar 27 11:36:54 2023, 
626cf2e82d08d9ec2616b3d95c4d8903, Locality 1, 8c68b18a26acb0378c0da5ca3644b88e, 544220.16822881, 4172087.54206676, 37.69494296, -122.49841040, 10S, 3.29066828, 4.79541857, -1.00000000, Bedding, 38.68667221, 48.03556061, 318.03555298, 13.16307068, Merced, Mon Mar 27 11:36:44 2023, 
626cf2e82d08d9ec2616b3d95c4d8903, Locality 1, ae26d7dbb17aa483b9d09c3f6fa4049e, 544476.90954048, 4170130.33379671, 37.67729015, -122.49561776, 10S, 3.35520965, 4.75048474, -1.00000000, Bedding, 58.38427353, 8.04590034, 278.04589844, 13.16307068, Merced, Sun Sep 25 17:09:53 2022, 
626cf2e82d08d9ec2616b3d95c4d8903, Locality 1, 22272cb3586d944ba8fb18066b037bdc, 544480.42198442, 4170127.29226287, 37.67726257, -122.49557812, 10S, 3.00000000, 3.53553391, -1.00000000, Bedding, 68.60198212, 13.50360680, 283.50360107, 13.16307068, Merced, Sun Sep 25 17:09:11 2022, 
626cf2e82d08d9ec2616b3d95c4d8903, Locality 1, 17b57435ae1d20fecb1dc885403ee297, 544498.83954034, 4170052.97946510, 37.67659189, -122.49537380, 10S, 3.37713909, 4.73492013, -1.00000000, Bedding, 56.18806458, 11.76479912, 281.76480103, 13.16307068, Merced, Sun Sep 25 16:55:03 2022, 
626cf2e82d08d9ec2616b3d95c4d8903, Locality 1, 26d3de7559984b1ebf56b7b57ebfa9a7, 544499.37288958, 4170050.56854466, 37.67657014, -122.49536790, 10S, 3.38379893, 4.73016298, -1.00000000, Bedding, 57.57126236, 12.16307068, 282.16308594, 13.16307068, Merced, Sun Sep 25 16:54:40 2022, 
626cf2e82d08d9ec2616b3d95c4d8903, Locality 1, f512044535d5e9e1e2106a828eb1f473, 544499.88069517, 4170046.86584647, 37.67653674, -122.49536237, 10S, 6.00000000, 3.94824209, -1.00000000, Bedding, 64.15079498, 6.51965141, 276.51965332, 13.16307068, Merced, Sun Sep 25 16:53:48 2022, 
626cf2e82d08d9ec2616b3d95c4d8903, Locality 1, 71791d53c2b70182e1dbf76e318ed692, 544530.15595387, 4170029.15012361, 37.67637560, -122.49502013, 10S, 4.16879646, 4.05532651, -1.00000000, Bedding, 39.88656235, 37.44608688, 307.44607544, 13.16307068, Merced, Sun Sep 25 16:43:24 2022, 
626cf2e82d08d9ec2616b3d95c4d8903, Locality 1, 3a1b80c153207cc083551d607c24c441, 544507.14540996, 4169845.27720884, 37.67471946, -122.49529229, 10S, 3.00000000, 4.62857732, -1.00000000, Bedding, 42.09190369, 23.21140862, 293.21142578, 13.16307068, Merced, Sun Sep 25 15:15:08 2022, 
626cf2e82d08d9ec2616b3d95c4d8903, Locality 1, d6d3e3427261477539bb777b8eec707e, 544501.37029233, 4169837.83900857, 37.67465270, -122.49535824, 10S, 3.24722707, 4.82494076, -1.00000000, Bedding, 45.20548630, 30.19522285, 300.19522095, 13.16307068, Merced, Sun Sep 25 15:14:04 2022, 
626cf2e82d08d9ec2616b3d95c4d8903, Locality 1, 89655d881aaf39e774684c1633d3a953, 544500.77949933, 4169838.54787467, 37.67465912, -122.49536489, 10S, 3.31963750, 4.77541034, -1.00000000, Bedding, 39.13713074, 10.30295563, 280.30294800, 13.16307068, Merced, Sun Sep 25 15:13:55 2022, 
626cf2e82d08d9ec2616b3d95c4d8903, Locality 1, 6d0d12f8743b34be4e01c8e4b64d63bf, 544501.39590359, 4169943.56931090, 37.67560565, -122.49535149, 10S, 3.35590388, 4.74999433, -1.00000000, Bedding, 36.20555878, 42.70279312, 312.70278931, 13.16307068, Merced, Sun Sep 25 14:59:32 2022, 
626cf2e82d08d9ec2616b3d95c4d8903, Locality 1, a9b6c67f393d39a5aa513216ecfee453, 544513.31719211, 4169678.15314345, 37.67321286, -122.49523251, 10S, 3.34236877, 4.75952813, -1.00000000, Bedding, 29.66810226, 6.21628857, 276.21627808, 13.16307068, Merced, Sun Sep 25 14:02:53 2022, 
626cf2e82d08d9ec2616b3d95c4d8903, Locality 1, b0f81b0340fd6d0a652055e1f4e61c57, 544513.24675518, 4169676.70086609, 37.67319978, -122.49523340, 10S, 3.33905066, 4.76185654, -1.00000000, Bedding, 34.71523666, 4.99561930, 274.99560547, 13.16307068, Merced, Sun Sep 25 14:02:38 2022, 
626cf2e82d08d9ec2616b3d95c4d8903, Locality 1, 35ad4b31fe4daf0aa11cf66bbb588e1c, 544499.73850177, 4169838.69009811, 37.67466045, -122.49537669, 10S, 3.34104557, 4.76045707, -1.00000000, Bedding, 33.20241165, 22.89883614, 292.89883423, 13.16307068, Merced, Sun Sep 25 13:48:16 2022, 
626cf2e82d08d9ec2616b3d95c4d8903, Locality 1, 101d8ecf80ccefc302a70722364c55aa, 544498.76188685, 4169833.38984070, 37.67461272, -122.49538809, 10S, 3.25395562, 4.82040557, -1.00000000, Bedding, 35.72171021, 17.93974304, 287.93975830, 13.16307068, Merced, Sun Sep 25 13:47:46 2022, 
626cf2e82d08d9ec2616b3d95c4d8903, Locality 1, e26e1f25ad006c128a36b1fc3a5aa4d4, 544500.79009328, 4169828.77306975, 37.67457101, -122.49536537, 10S, 3.28313861, 4.80057683, -1.00000000, Bedding, 30.52187538, 355.45870972, 265.45870972, 13.16307068, Merced, Sun Sep 25 13:46:37 2022, 
626cf2e82d08d9ec2616b3d95c4d8903, Locality 1, 6a049439088b0b1c0c18c3735da6fa0f, 544505.27501496, 4169828.85309372, 37.67457152, -122.49531451, 10S, 3.00000000, 3.53553391, -1.00000000, Bedding, 33.10179138, 356.72256470, 266.72256470, 13.16307068, Merced, Sun Sep 25 13:45:57 2022, 
626cf2e82d08d9ec2616b3d95c4d8903, Locality 1, 3633d872cddd20e76f49a563c246361f, 544504.81112883, 4169835.31588328, 37.67462979, -122.49531937, 10S, 3.60625337, 4.56283614, -1.00000000, Bedding, 38.08595276, 13.76165676, 283.76165771, 13.16307068, Merced, Sun Sep 25 13:35:16 2022, 
626cf2e82d08d9ec2616b3d95c4d8903, Locality 1, 30d38eed8ea7ea135f566c4d3308fd63, 544503.93241510, 4169835.21618924, 37.67462893, -122.49532934, 10S, 3.00000000, 3.53553391, -1.00000000, Bedding, 30.43822479, 19.64606857, 289.64605713, 13.16307068, Merced, Sun Sep 25 13:35:07 2022, 
626cf2e82d08d9ec2616b3d95c4d8903, Locality 1, 47efb14a0b71d0911d8523dc87b942a9, 544449.51442446, 4170637.87288457, 37.68186595, -122.49589747, 10S, 4.00000000, 3.53553391, -1.00000000, Bedding, 56.86182022, 43.91521454, 313.91522217, 13.16307068, Merced, Sun Jul 24 13:15:18 2022, 
626cf2e82d08d9ec2616b3d95c4d8903, Locality 1, 524c2743da945c1efb19fc610a872769, 544451.33664390, 4170572.53797403, 37.68127700, -122.49588079, 10S, 3.00000000, 3.53553391, -1.00000000, Bedding, 67.62161255, 39.19681549, 309.19680786, 13.16307068, Merced, Sun Jul 24 13:10:15 2022, 
626cf2e82d08d9ec2616b3d95c4d8903, Locality 1, 7e1f5848c26e2049176b6ccf5f0f2981, 544457.81104040, 4170371.80062835, 37.67946743, -122.49581961, 10S, 3.30532749, 4.78532624, -1.00000000, Bedding, 67.45287323, 26.42160034, 296.42160034, 13.16307068, Merced, Sun Jul 24 12:50:09 2022, 
626cf2e82d08d9ec2616b3d95c4d8903, Locality 1, e57b129a03ce8367a6bbf3729f21d809, 544478.12494563, 4170133.84087341, 37.67732170, -122.49560377, 10S, 3.60625379, 4.56283581, -1.00000000, Bedding, 61.55476761, 38.73513412, 308.73513794, 13.16307068, Merced, Sun Jul 24 12:19:34 2022, 
626cf2e82d08d9ec2616b3d95c4d8903, Locality 1, 7fbe7230ee0a25570e9f96004bbfa861, 544504.87704630, 4169838.24369098, 37.67465618, -122.49531845, 10S, 3.00000000, 3.65926946, -1.00000000, Bedding, 32.47406769, 17.81602097, 287.81604004, 13.16307068, Merced, Sun Jul 24 11:58:45 2022, 
